{"stats":{"minecraft:custom":{"minecraft:jump":77,"minecraft:time_since_rest":5325,"minecraft:crouch_one_cm":96,"minecraft:damage_taken":100,"minecraft:leave_game":3,"minecraft:play_time":5325,"minecraft:sprint_one_cm":3454,"minecraft:time_since_death":5325,"minecraft:walk_one_cm":9242,"minecraft:sneak_time":740,"minecraft:climb_one_cm":2874,"minecraft:total_world_time":5325,"minecraft:fall_one_cm":3646,"minecraft:fly_one_cm":5826},"minecraft:mined":{"minecraft:bamboo":2,"minecraft:jungle_leaves":5,"minecraft:oak_leaves":1}},"DataVersion":3465}